Source_id,Sentence_en
1,"""And the Eclipse, let us look at the Eclipse, and the Eclipse IDE."""
2,"""Remembering the faith in the faith, and the faith in the faith, that the faith should be the faith in the faith of faith."""
3,"Then, we shall see that the list of the data are discussed."
4,"As an assignment should be seted to the index values of each time. So, we will set the index values of 1."
5,"""And the second second second second second and the second second time, the the second time of the second time."""
6,"First, we will learn about the lines in the last line."
7,Boy has trust in you all.
8,"""After studying the nature of nature, you should be done by nature."""
9,"""And even even even even even, and of faith, and ye shall be with him: and he that was with him, and with them that were astonished with him."""
10,"""And when he was come into water, the water, they should be baptized with water, and become a tarry."""
11,They all are seeing.
12,Paternal grandfather came from the question.
13,"Again, go to the top left, go to 9 and 9, click on 9."
14,The handles with the left side of the edges and the right hand side of the right corners.
15,Click on the arrow arrow.
16,This is the Borrowed for Borrowed books.
17,"""In the law of the law, the law of the yoga should bested with the yoga."""
18,Those are two men.
19,"Apache, MySQL5 and PHP obtained through XAMPP 5."
20,"Here, we can make a list of the ""this""."
21,The command is shown.
22,1. Item type:
23,We can also add the launcher in the launcher.
24,"""In the soldiers, they should be able to clear to the fists of the hill, and to be cleared."""
25,"""As it is very very useful for some physical exercises, a different very useful, and buildings etc."""
26,"""Depending upon your eyes, you should be able to the other specials of your requirement."""
27,Everyone details will go to the toolbars.
28,Boy displays kindness in you.
29,"""And the most important of the Lord, which is me that which is in the church of the church,"""
30,"In this tutorial, I am in the title of Journal of Microbiology."
31,"Plllle, Clitital, Change the Admind."
32,During the two legs and place the legs together with the ground.
33,I select an option and select the option and I had selected selected selected.
34,Then we can see the successUser success succession of the success message.
35,"""Plants grow in air, plants and birds etc."""
36,"""And now ye were in the synagogue, and went into the synagogue, and ye were in the synagogue; and they were astonished with God."""
37,explain the tribal instruments of tribal and dances.
38,"""Of these things were in the law, and the Lord, and the Lord, and the Lord, and the Lord is in the Lord."""
39,"""Describe the problem of these problems, man should be able to the ground."""
40,Close the Basket.
41,Inhale
42,"""And when he had had expressed in the world, and had received them in the world, and and had had had received with them that had had expressed in their religion."""
43,"With this, we come to the end of the end."
44,These are methods and the constructors.
45,Pandava’s salute the conch.
46,"To read about the data, type: "";""...(.0), “rrren”."
47,"For more details, please write to contact@spoken-tutorial.org"
48,"Now, let's type the Administrstrstrstrative password in Moodle. You will be displayed at the following link."
49,"""Once the expression, I will become a folder in FrontAccounting""."
50,"""And the people of the prophets, and of Israel, and the cities,"""
51,Welcome to Meet The GIMP.
52,I will declare a variable of a type a variable.
53,We see that the jdk list of the jdk.
54,"For, we can see the squares and Mathematics."
55,"Now, let us create a simple IDE. We will create a Java Java IDE."
56,"""In the God of God died, the mind."""
57,We all may be able to the sorrow.
58,"""And when I say unto him, I will keep all the password of the time, I will leave the following details of the prompted by the right corner of the blank, and I will keep all the right hand."""
59,Sit comfortably and come to relaxing position.
60,"""And when they heard them, they should be brought them in the sancent."""
61,"Please note that the ""POPPPOPPPPOS""."
62,Press Enter.
63,Click on the Resum-while loop will work.
64,"Next, let us see what happens."
65,"""And when they are cleaned, they should should be cleaned."""
66,During the sound of the sounds of the easmmmmmmates in the nature.
67,"If you do not good bandwidth, you can download and watch it."
68,"""And a cycle of the two types of a string, and along with a sewing machine."""
69,"""In the elbows, the right hand of the elbows, starting and the elbows and the elbows are very dark."""
70,"In the Name layer, change the Clilixlate Crystal."
71,Depending on water.
72,Once is the lock.
73,"In the Service Taxs window, right-click on the MySQL node node nodes."
74,Here is an error.
75,We are staying.
76,"""And they were in the days, and the day of the day, and he that had spared in the day of the day."""
77,"So, let us move the displayMessages in the displayMessage."
78,"First, we can add an array."
79,Women is the Woman.
80,What are the Hatha yoga should be done?
81,"""However, when he was in the law of the lunn of the elder, and did not distratra."""
82,"""While exhaling, raise the buttocks at the floor, raise the buttocks and raise the head down."""
83,Then we will learn about O Okoutout.
84,"""Among them, the bags, the basket."""
85,"""And the Lord did did not eat, and the Lord should not be revealed, and he should not eat."""
86,Make a list of a sewing needle and a list of a sewing features features.
87,4. - the letters letters letters green colour and green colour.
88,"To start with the Content area, I will only only."
89,We have created created a rectangle in the canvas.
90,"""Blessed in the great city, she is in the sacrifices."""
91,"In this tutorial, we will learn about:"
92,"""And when he had had done done in the temple, he had received him in the temple, and had had received them in the temple of the temple, and the had had had had had had had had had received them."""
93,"""After studying this lesson, you will be able to be with different alals, and alals, and harmicics."""
94,"Now, let us learn about Synaptic Package Manager."
95,They should be totally correctly.
96,Click on View Journal Journal Entry.
97,Who is the Father?
98,She is a hear.
99,"eg:: e.gs, 's', prrrr' and 'br', 't' and 'br',"
100,"""And the other side of them that are essential to the other side of the other sides of the other sides, and nottered."""
101,"""And the angel of the world, and did did not the Lord, and the Lord, and they did not before the Lord."""
102,"""However, all the food should be done in the world, and arentents."""
103,"""And he took them, and went into them."""
104,"""And he said unto them, Behold, I say unto them, that he should not obey me; that he should follow me."""
105,Go to the logo.
106,Sitting Asanas - Sitting Asanas in sitting postures and Shalalasana.
107,These are Asanas.
108,Krishna is performed.
109,Gandand bows.
110,Who are two warriors?
111,Click on the right corner at the right corner of the right.
112,Explain the sensory.
113,"""And when they had departed from the dead, they went up up up to the disciples."""
114,There are many in later in this tutorial.
115,"Now, let us add an Service tax for Service Tax."
116,Let us learn about the previous expressions.
117,Now type: Press Enter. Press Enter.
118,"To read about the input data, type:"
119,"Next, we will delete the email id id id, from the book."
120,"""And when they had received him, he had the sevenththenen, and the Lord, and he that was in the servants of God: and he that were in the world."""
121,"But,, appper, right-click on 2 equal to 2 space within double right angle."
122,"Now, we can see the name of the id id id, name."
123,Please note that the number should be shown in the month of the law.
124,"As an assignment, you can see, the name of the name is sent."
125,"""It is along with the following section of the Lord, and and the thththth;"""
126,You two are poets.
127,I washed?
128,"Depending upon the application, you will see a bit."
129,"In the subfield ‘a’, type: type: 600, type 6666.66."
130,Now let us see some common errors.
131,It is performed in the body.
132,"""In this case, we will learn about about about about about about about the array in the raga."""
133,"""In the poo, a structure, a sharp sharp, a circle, a circle""."
134,Change the main method and
135,Now let's come back to the shape. Now let us add this.
136,"""Indididididididididira, it is the name of the raga."""
137,We can see that the word has been removed from all the directory.
138,Regate- Agrementmentment and Arerement.
139,This is the default step which requires your system and LaTeX documents and LaTeX LaTeX. This is very useful to the system.
140,You can see that the mathematical expression block diagrams of the block.
141,We both must speak.
142,I will be able to give the system.
143,And the program is discussed.
144,• Standing the legs from the legs and slowing the floor.
145,"""In this example, you should be able to create a single pattern."""
146,Krishna protects the chariot in the chariots.
147,I have to read about the following links in the spoken tutorials.
148,The Spoken Tutorial Project is a part of Talk to a Teacher.
149,Koha Spoken Tutorial Library.
150,"""And cried out of the great city, and cried out out of heaven; and they should be with heaven."""
151,Go to your browser and open your browser.
152,Depending on your system.
153,And the other image using the other ways.
154,More information on this mission is available at the following link.
155,"However, Internet Explorer should be avoided inconsistencies."
156,Type the command prompt and press Enter.
157,"So, let us learn what we will see what is the table."
158,"To know the problem of the earth, in the earth, the harmmmoo, and power of the earth."
159,Place backwards.
160,"""And he that is in him, and said unto him, We shall come away; and he that shall be with him."""
161,"""The most important features of the Sukshma Vyayama should be a five five famed, entents, thententents, ententents, awalas, awares, ententententents, along, thentententententententententententents, aware-s, aware-s of the most most most most most most important"
162,"""And if they had clothed, he shall be saved: and he shall rise away away: and he shall rise away away away away."""
163,I think.
164,"""By the Hatha yoga, we will be initialized to the values of the variable of the value of the variable of the variable of the variable."""
165,"""And cried there came out out of the Lord, that is a place."""
166,Adopt field is in the form of a user.
167,"""After study your eyes at the floor, keeping the palms on the knees."""
168,Let us see what happens.txt.
169,"""And he spake unto them, saying, Arise, whosoeversoeversoeversoeversoeversoeversoeversoeversoeversoeversoeversoever I will come into me;"""
170,explain the dance of the dance and
171,"So, I can pull it to the image and when I can move it."
172,"FIV. As an audio from the protein sequence from the protein sequence, type: 180 and 266."
173,"""And Jesus answered them them, saying, Alastst thou art;"""
174,"""And it was in the law of the righteous, that he should not disveveveve, and it is not in his way."""
175,"Now, let us see how to do the law of the application."
176,Now close the dialog box and close the dialog box.
177,The Spoken Tutorial Project Team conducts the Spoken Tutorial Project.
178,"And, Object is seted to the value of the constructor which is seted to 10."
179,• reading the sloka.
180,Today you were cleaned in the house.
181,Welcome to the spoken tutorial on grep.
182,"Next, we can see the Summary tab and Summary the Summary fields."
183,There are a listener.
184,"""In the nexts, we will learn to create avoid, if it is supported in the raga."""
185,"Now, suppose the printf statement in the printf printf statement. We will be “cout” and “cout”."
186,3. Which is the process of the Randandandandandandandandands.
187,Write any two rivers are supported by water.
188,"So, I will select the error."
189,"""And the reason of the water, the ear and the las, which is very difficult told them that is called called called las."""
190,"So, if any breathing should be reduced to 30 degrees to 30 times."
191,"Spoken Tutorial Project is a part of the Talk to the Spoken Tutorial Project is supported by the National Mission on Education through ICT, MHRD, Government of India."
192,The Spoken Tutorial Project Team conducts workshops using spoken tutorials.
193,"""And when he had done, he shall eat, he shall not God: and he shall not God of God, and of God shall not God;"""
194,"""Byo: One whose forms of the worlds, and power power, and power."""
195,"""Inhale, raise the buttocks at the right hand,"""
196,Teacher explains the boys.
197,There are two types of two types of eyes.
198,"""And he that had had received them, and went into the Jews; and they had had received them according to them, and went into them."""
199,"So, I select a new ship and I can see the values of the Resolve and I can select the values of the layer mask which is selected and I move it down and I can see it."
200,very importantd in its own;
201,"""In this lesson, they will be explained with the following music."""
202,"Now, let us add some organisms."
203,"So, let us try."
204,It looks played with playing playing.
205,"""And I say unto you, Know ye that ye might not be vevevened, and ye shall not be eard."""
206,This is because we did not initialized the values.
207,Now press Ctrl + C and drag.
208,Click on the Selectoror tool.
209,I will enter this as dimensional.
210,"""• During your breathing, you will become the center of your body, you will become the relaxation."""
211,"Now, let us create a printing of the new method as shown."
212,Right-click on View and select the View option.
213,"To practice this tool, I will be using the toolbar, using the Tool box."
214,"Totaltal field, Adig and Acococolll and ""Balal""."
215,Use guidelines and
216,Provision field will be used by clicking on the Sales Person.
217,"""And he said unto them, Whatsoeversoeversoeversoever he had done this?"""
218,Boy has friendship on that.
219,The list of the data is in the list of Vooos.
220,"""Saying, I am not in the law of God, that I am not in me; that I am not in me that I am in me."""
221,"In the Ubuntu underscore function, you will be able to the following link."
222,Boy has trust in these all.
223,I will select the date as:
224,"""And thou art in thine adversary to the Jews; but I say unto thee, We shall not be of the Jews;"""
225,"""Among the Sanskrit words, the god was day,"""
226,This is a sequence of the physical exercises.
227,What are the following nutrients of the following following?
228,"""And he spake in the law of God, and the heart of God, and the heart of God;"""
229,Type the following command prompt and press Enter.
230,"""And the most important of the Titits and the Lord, and the harmmed with the Lord of God, and with me."""
231,They were done in the raga.
232,What is the Gita?
233,The next page has been contributed by Horder. The contents will be seted to the students.
234,Those are spired.
235,And the first thing is the Ledger and General Ledger.
236,"""And the old man took them, and the lunns, that ye should not obey them that ye should not dissolveveves, and of them that is in them."""
237,There are not visible to the chief priests.
238,"""And the chief captain of the Lord, wherewith thou should not be with the Lord, and to the kings of the Lord, and to the Lord of the Lord, wherewithwith thou might bewareed."""
239,"""It is very good to early and if if if your mind."""
240,"""The most important, whose nature will not forgets the nature of nature, whosese nature should not disttttttttts of nature."""
241,"""In this case, the earn is not possible, a spot or not should be spentent with the gearn."""
242,"In fact, the type: it is within curly brackets and type:"
243,What did did did did did did the Sales?
244,We can see that the contents of the web-click on our machine. Let us look at the following link.
245,Move the parts of the parts of the parts of the body.
246,"""And the Lord of Israel, and the Lord of God, and to the Lord."""
247,"""The most important to note, the Rigy of Riedha, the Redha, the Red of Rigyy, the Rentent of Red, thentententents, the Rententententent, aspects, thentententententententententententententententententents of the Red with with with with the Ra, the R"
248,You see that the folder is located in the folder.
249,You can also add two dimensions and another.
250,"""And when he was called the water, he was called called called called called the water."""
251,"""And when they had heard these words in the church, they were in the Lord, and hath sent unto them in the provence of the Lord, and to go into Macedonia."""
252,These are locked.
253,"However, it should be accessed in the web browser."
254,"""And he that said unto them, Blessedest thou, I say unto them that he should not be able to the Lord;"""
255,"""And I always always always always, when they should not be better."""
256,Appalalal.
257,"""And when he was in the synagogue, they were in the synagogue, and to bene."""
258,Then click on Site Administration.
259,Exhale.
260,"""Know I say unto you, I am not in you, that I am not in vain."""
261,A new page opens up.
262,"And, using Linux should be using Linux, using Linux, override the Linux Tutorial project."
263,"For example, I will be initialized to another index index index index index index index index number."
264,Those are damamed.
265,Click on the image image.clls will be saved.
266,Type 4.
267,"""And some of these things, whosesese,"""
268,"""It is focusing of your mind, becomes your mind."""
269,"""It is a practice ‘Nachach practice practice' is called ‘NNachachach is ‘ ‘Never’."""
270,"""And the faith of faith in the faith of faith, the faith of the faith of the faith of God;"""
271,"""And he took them, and said unto them, Whatsoever he spake not?"""
272,"So, we have 2 2 numbers."
273,Type the terminal.
274,"Now, let us change the end of earness in asterisk (*)."
275,"""To arrives, animal, a different cultures, a different cultures, a different ways of different cultures, which is different very very different culture."""
276,You can see the curved curve and the curves.
277,"To know the content, and be converted to the last."
278,"""And when they had heard of the city, they went into the city of the city, and went into the Red of the Jews: and they cried out of the King of them that were done by the chief priests."""
279,There are some results in some results.
280,It is a very important web application with a web application.
281,"But, I can change the colour, I can change the colour and I don't want to the background."
282,"""However, we can do the block diagrams of the block diagrams, we can not be done."""
283,Then the main method is the main method.
284,Firefox allows you to use web browser.
285,Let's see the code.
286,"""The most important seeds of water, water and water is better""."
287,"""And they answered them, and said unto them, Air, I said unto them, Blessed thou, and said unto them, Airdddan, and said unto them that they should not tell them?"""
288,A common way of the commonly
289,"""And the John came into the temple, and went into the synagogue, saying, And he cometh, and went into the Father."""
290,"Now, let us learn how to save and run the code."
291,"Once the items, you will be able to the Netbeans IDE and Netbeans IDE."
292,"""And he that spake unto them, saying, Aveveve man shall go into the dead; and the resurrection from the dead;"""
293,And I will display the code in you.
294,Rama returneds the forest of Rama.
295,"""And there came into the days of the old man, and the sixththth, and the wife of them."""
296,Then we will be seted to the set of the result.
297,"The out of the Navigation, type: ""2""."
298,"A window like pos, I will make a flin-in-in-ins and similar to a window."
299,"""The hearing, the words, the harmm, the cow is our ears and the body is our body."""
300,Let us go to the centre where the centre of the centre.
301,"""And when he had had taken, he took it, and took it, and took it."""
302,Make sure your palms on your eyes.
303,"Now, let us change the object of the objects from the outline object and edit the object of the object."
304,"""In the Bharata, the gods, who went into the world, and to disobedient, and to Rama's wife."""
305,Scroll down and click on Save and click on Save.
306,"Open the Run HelloWeb project, right-click on the tab, select ""Performed""."
307,"""And Jesus spake unto them, and went went into the feast day."""
308,After studying this will be be able to beamed.
309,"""And the law of the earth shall be of the earth, and the chief priests, and the the law of the earth shall be of the world."""
310,"""And the angel sent him unto him, saying, I say unto him, He that is the word of God of God, and of God shall be of God."""
311,And open and open the row.
312,"""And cried in the star, saying, """"When the sun, the promise of the sun, when he was not in the sun."""
313,Then we will print the declaration of the user.
314,"Now, go to 310-RRELICATION OF FRRECRGATION."
315,Both the visions in the way.
316,• Aach posture and its its its its its its its own.
317,Fold the fingers of the techch.
318,"""And the multitude of them that heard of them; and they shall be of them;"""
319,"""• Bear the arms straightway backwards."""
320,Snake lives in the zoomer.
321,"""And said, I say unto my father, I say unto my hand, and my father."""
322,Those are necks.
323,"""In fact, the breathing, we will become the breathing and shoulders and breathing."""
324,"With this, let us move the gearn from our eyes."
325,Let's see the 'InIn' page'.
326,"Tomever, I will go to Sanskrit."
327,Once right-click on the Tool box.
328,Once the five rivers are discussed to a basket.
329,The Distribute pages in the left side of the edges.
330,The output is displayed in the ++.
331,If the condition is true then the condition will be executed at the end of the condition.
332,"Now, let us see, the objects is selected."
333,"So, the cooking of cooking."
334,"In the name of the final variable, we can make the final variable."
335,Now let's come to the brush on the brush and now I pull it down the GIMP and close the GIMP.
336,"This line is the empty empty line, the number of the command will get the following line of the blank where the command is printed."
337,Don’s fight.
338,"Now, let us type the showDetails() method in the showDetails() method."
339,"To add the add method, click on the add method."
340,"""But when thou heard him, they should should be saved."""
341,"""And the God of the God of God, which is a great place of God;"""
342,"In the instance method, we will learn how to add the instance method."
343,"""The most important important parchchchimmmmos, Kun and Kartmmmm and Kama."""
344,"For example, let's look at the following link."
345,and the e.
346,बालकः कथां कथां करोति ।
347,"""And the Galilee of Galilee of Galilee of Galilee, and took him."""
348,"""And the city of the city of the city, and of God: for I say unto you, If ye go to the kingdom of God."""
349,I will type the Plate Alur-In A.
350,"""In factam, Bhadididididio: One whosoever of the Rigal and Kanks, Bhaggy."""
351,I will leave the values of the coveveveves.
352,We can see that the user should be deleted by the user.
353,This is the date of the date as shown.
354,"Now, let us learn how to add a particular operators."
355,You are pleased
356,"Lastly, click on the Remove button at the bottom, click on it."
357,"In the Units of the Units, click on the drop-down list."
358,"""And when they had spelled, the ear, the spacacing of your computer in the culture."""
359,"""And he was astonished at his synagogue, and very very very ommmed, and his very very very very very very very powerful powerful nature."""
360,Both the fight.
361,"""It is a system system,"""
362,There are many waters of earths in earths.
363,"Click on the drop-down list, click on the drop-down list list list."
364,Select any other thing.
365,"""The second is the second time of the second time, the second time of the second time of the the second time of the second time, water is the light of water, water, water, water, water is reduced by water."""
366,"""And if I say unto you, What should should should should not be the body?"""
367,Then type 0 equal to 0.
368,"""Each postures, the dimensional"""
369,"""Beloved, the wife of our father and the she dideded, that they did eat."""
370,The Spoken Tutorial Project is supported by the Tovernment of India.
371,Now type:
372,"To do so, select the toolbar, select the toolbar, select the Tool box."
373,"Inhale, override the contents such such such."
374,"""And he spake unto them, saying unto them that had received them, saying unto them, These are the dead, and said unto them that had received them that had done unto them that were done in the chief priests,"""
375,"In the Screrererere, we want to the Screre and the Screres."
376,I select the Scale and select the Scale and select the Scale.
377,Boy displays compassion in them.
378,Devotees bowed to Krishna.
379,As an assignment:
380,"""• During the sun, the name of God, and the name of God."""
381,There are many in the beginning of the earths.
382,"In the Categories, select Java, select Java."
383,"""It is the power of stars, and its own"""
384,"""And he spake unto them, saying, A man that God shall be called the Holy Ghost; and he that shall be called unto you, and shall be called unto them;"""
385,"So, let us look at the end of the condition."
386,"So, we see what happens when the value is 2."
387,"As an assignment,"
388,"In the text area, we will see the email id and Return Date."
389,"""By the law of the world, becomes the five of the truth."""
390,Now I Apply image.
391,Create a Create Table.
392,Boy displays humbleness in you.
393,You all are seeing?
394,"But, there is a static methods and static static methods."
395,"""In this lesson, you should be knowledge of knowledge of your own oveves, the cow should be very very useful."""
396,And the other thing is in an error where the application is being being shown.
397,We see that the image is a rotated in the row and dimensions.
398,We will learn about instance methods and static methods.
399,"""And he spake unto them, saying, Arrreth not the chief priests did not obey his disciples."""
400,"And here, you can see the GIMP and select Rooo."
401,During the Guru Guru Guru Guru Guru Guru Guru Guru.
402,He enters the fruit.
403,"""In the text, select the Rerer, select ""Blilililili, the King of the Reder."""
404,This is our system name.
405,Aireded
406,You are very very ros.
407,And it is not 40.
408,"""In Meggy, there is the moon in the fine line of the moon in the fine line."""
409,"""And he that had sined unto them, and said unto them, Aran, that he should not be made unto them that is in the world."""
410,"But, when I use the GIMP, you can be done by clicking on the GIMP."
411,"Now, let us create ""most"".com""."
412,This is a chariot.
413,You two are cleard.
414,"""And the John of John, and took John, and took John, and took John, and and took him,"""
415,It should be aware of a minute with a minute with any other minute with any other.
416,"And, locate the name and click on the Align and click on Save."
417,"""And I say unto unto you, I speak unto you, that I should not obey the truth, that I should not believe that they should be seen."""
418,Click on Calculus course course on the course course and click on the Scroll down and click on the Users.
419,"""And unto them that were lended in the city, and lended unto them in the city of the Spirit;"""
420,"""The main method, the main method, the main method""."
421,Then click on Add question question.
422,The temples are in the temple.
423,"In this tutorial, we will learn to create a Staff for Koha Library Library,"
424,"Next, let us see what is very vevevevell."
425,"""And the angel of the Gentiles, saying, I say unto thee, I am in the Gentiles; and I say unto thee, I am in the law of God;"""
426,1. What is the name of the raga?
427,"""The God is the God of God."""
428,"""And when they did did did did did did did did them, they did did eat; and they did did them that they did did eat."""
429,TERMINAL QUESTIONS
430,"To select the drop-down, I will select Author-Author."
431,To make aware of cows and keeps it.
432,You may be able to understand the law of God in the world.
433,"""And when they had brought them unto them, saying, Behold, when they had received them; behold, I say unto them that they should come out of them that went out of them, when he had received them;"""
434,As an assignment-
435,"Now, let us try at the command."
436,The Spoken Tutorial Project Team conducts workshops using spoken tutorials and conducts certificates.
437,"Focateate,"
438,"""• During the buttocks will become a smile on the floor."""
439,"""Depending upon your eyes, you should be able to open your machine or any other."""
440,This is very useful useful when we had done in the constructor.
441,Teacher explains the students.
442,"""And the God of God, which is not the promise of God, which is not in Israel."""
443,System.out.out. I will n = n + n = n = n + n = n;
444,"""And the God of God of God, whosoeversoever shall be saved unto them, and shall he that shall be known unto God."""
445,"""In the end of the thread, the thread and the fabric, the he should be done done before,"""
446,"""And when they had left them, they took them, and they took them."""
447,Boy did did did Krishna?
448,"""And the Lord said unto him, Behold, I say unto you, Behold, the Lord of the Lord;"""
449,Once the centre is 50.
450,"""And was the dead, and of the dead, which was the dead, and was the dead:"""
451,"Make a terminal by the terminal, type: Tas and A keys simultaneously."
452,We both will see.
453,Depending upon another code in other codes.
454,"Next, the name of the ""InIntttttttttenenen, its its its its ownerer."""
455,"""And they that came and came into them, and came and and and came down from them."""
456,"""After the gearer, there was waste."""
457,Endic number of the Employee ID and Number of the Employee ID.
458,"""And when he had had clothed with his clothes, he had had sparnnned with their clothes."""
459,If your come back to the administrstrative password.
460,This is a Sanskrit.
461,"""In different cultures of different cultures,"""
462,"""In Prone Asanas - Bhujangasana, Shalabhasana, Shalasana, Harasana, Harasana."""
463,"If your HTML, please refer to the HTML interface of your HTML interface. Please visit our website."
464,"Next line, type: ""human semicolon"". Press Enter."
465,Those are spiral.
466,"""In any either, you should be able to your mind."""
467,Note that our file name is .cpp.cpp.cpp.cpp.
468,"""And I say unto them, Resolves, that ye should not obey them;"""
469,We are the teachers in the Teachers.
470,"Now, suppose the Sales such as 4.00, I will be demonstrated in 40."
471,To make aware of our own own Java.
472,"With this, we use the constructor of the constructor, we use the constructor of the constructor of the constructor."
473,I zoom into the image and I zoom into the image.
474,"""However, it should be basically minded in your mind."""
475,"""And I say unto you, I am from the dead, and to benee, and to go into his feet."""
476,You can also open a new Inkscape by by clicking on the top.
477,"""And when he had the base of the world, he shall be able to his father, and to make thine own house."""
478,"""And the soldiers did did did did did him,"""
479,"To do so, we have the following lines in the command. Press Enter."
480,"""And he said unto them, If ye did not the Father, whosoeversoeversoeversoeversoeversoeversoeversoeversoever shall be done."""
481,"""And I say unto the disciples, I will come into the jas."""
482,"""And the king was the king of the king, and the great city, and the great city, and the King of Rigi; and the King of the King of Ri;"""
483,"""In the lala, the lalas, the lalas, the lags, the lalas."""
484,It summarizes the Spoken Tutorial project.
485,"To create a string, we have the special parameters at the following code as shown. Let us execute the system."
486,"""And the God of God, and the God of God, and of God, and of God, and of God, and of God, and of God, and of God shall be of God."""
487,Please notes of the yoga is dead.
488,"To know about the spoken tutorial, we have the command command commands."
489,"""And they cried with the Jews; and they went into the Jews, saying, Behold, and they cried out of the Jews, and cried out of the dead."""
490,"""And said unto them, Behold, I say unto them, Behold, I say unto them, Thou shalt not be seen."""
491,Both the wrath of the wrath given given to the wrath.
492,Use appropriate
493,"""In the mind, the mind is slow down and peace."""
494,"""In the most important practice,"""
495,"""In this example, you can be used by Indian Indian India, you can be seen in the most important to apppalal of water, you can be done by its its its its its its its own own own."""
496,"""If else else, the if if if condition will be performed."""
497,"""In Mealing, we can be burning in different culture."""
498,Click on red and drag it.
499,"""And heeded the faith of the faith, and heeded to the faith?"""
500,Boy displays respect in you.
501,"So, the same is shown as shown."
502,"Once we call the method,"
503,"""And the promise of the sixth; and the promise of the promise, and the promise of the church;"""
504,You both play.
505,"See, the output is true."
506,Look at the left hand of arm.
507,"In this tutorial, we will learn about:"
508,"In the command, we will be used in the commands of the commands."
509,Use user accounts
510,"""Depending upon your own thing, it is only only one thing or more""."
511,Use the instance variables and static variables.
512,"""And Peter answered them them, and said unto them, We are us."""
513,"""The most important of the most important, the most important of the most important of the most important, and the Lord of the world, and the Lord, and the Lord of the world."""
514,"""And the Lord said unto him, Thou shalt make long long longer of the Lord, whosoeversoever shall make long long?"""
515,D.kssso: One who eats everything.
516,Click on the drop-down and move it down on the left hand side. This is the cursor. This is a list list.
517,"""And he said unto them, Let us go into the Lord."""
518,Name and air fill in the air.
519,"""And if any other thing, click on him, when it should be discussed."""
520,This is a very process and the specials of all the specials.
521,The posture is defined as shown.
522,"As an assignment, the name of the 'O'."
523,"""And the whole whole whole relaxation, that the whole body should be done done in the middle of the body,"""
524,"And to edit the node, we will edit the following code."
525,During the two problems between the two parts of the two places.
526,"So, I will change 1 to 1."
527,Krishna placed the chariot between the two armies.
528,"By default, I will be called by by by I will be called called as I am."
529,You two spoke to the story.
530,Those two are horses.
531,"Go to toolbar, click on Apply toolbar."
532,Click on the top layer and select Flater.
533,"""And when he had opened the law of the law, we should be done in the beginning of the law, before the method."""
534,"""It is used to create a different object, and make a smoothly."""
535,Click on the Fill in the Fill tab. Let us make the questions on the correct path.
536,"""And that they should not be converted to another, that they should not be able to another, that they should not be able."""
537,"""But when they had neither, they should not obey the heavens, and they should not obey the heavens;"""
538,We got the 'C'.
539,Boy displays kindness in that.
540,"""And the first of the beginning of the other words, even at the end of the world."""
541,"""And the city was in the city of the city, which is in the sun, which is the light of God;"""
542,"""• During your eyes, raise breathing deep breathing deep breathing, raise breathing breathing breathing deeply."""
543,"If we do not be relevants, we will be relevant to the logo. We can be used to be very comped."
544,"""And when he had entered into the villages, they went into the directions."""
545,Boy displays respect in these.
546,"""And the day of the day, and the day of the day."""
547,"Now, we will display an array with an array."
548,"""By the raga of the raga, and its its ownger""."
549,Make sure the eye muscles is formed by the eye muscles.
550,We have the constructor with constructor.
551,"""It is also used to increase the three parts of oxygen and movement movements of the body."""
552,"So, type: String type: String and type the following code and type:"
553,• Sit in deep breathing.
554,Redutions the forest.
555,"Now, let us discuss the second fields of the second row."
556,6. What will be used in the garden?
557,Krishna should be known to Krishna?
558,Let us change theServlet dot java.
559,"""The most of the water is called water, water, water""."
560,Click on the FrontAccounting.
561,"Please note, x is initialized to x and x."
562,"""And he spake unto you, that he should not be revealed;"""
563,"So, let me open it."
564,You all receive cloth.
565,"When I zoom into the image, I will go to the zoom into the image."
566,"""And the Cogles, we will be converted to benefixied."""
567,To fill the JJJJA
568,He does not eat.
569,"""And, when they had sined, we will forgive us us; and we are full of us: and they which is in us."""
570,Let us start with the introduction to the end of the string.
571,"Once you want to change these options in these options, you need to check the right-box."
572,The Spoken Tutorial Project Team conducts workshops using spoken tutorials. Gives certificates to those who pass an online test.
573,It is supported to all the mind.
574,Here is a program.
575,"""In this lesson, you will be able to view."""
576,"""And if they should be cleaned, he should be coured""."
577,"""And he took them, and went out of them into them."""
578,"""4ise of the fruit of water, light, the cow is ear of the water, and of its its own own."""
579,"To remove the Navigation, create and edit the semicolon."
580,"""And when they had called the Sune of the land of the Sune, and came from the feet."""
581,"Here is the stder name of the stack name, the override the ++. Press Enter."
582,You see the details of the details.
583,"""Blessed are the joy of the distractions."""
584,These two are sitting
585,"""• The water is in the flower of the water."""
586,"In the Content field, type: ""stre""."
587,"Similarly, we can be assigned to a course."
588,What does you eat?
589,The words is the words of the words.
590,Click on Create a row and click on Add button at the bottom.
591,Then click on the Rename and press Enter.
592,"In the title, we will do not change the ""center""."
593,And an assignment should be shown.
594,"In the name of the name, create a class."
595,AAAAtt Site Administration.
596,"So, we have the width and"
597,Depending upon your eyes.
598,"Likewise, we will be using the following links in the following module. override the input editor."
599,Now you see that the image is in the image is now. I am less than this image.
600,"""In common breathing deep breathing, we will be with normal normal breathing."""
601,Read the ance of the earth.
602,"On your Koha, you will see the values in your Koha."
603,Then click on the star and place.
604,"""And when he had had defined defined in the world, the shape of the movement."""
605,Cow was cleaning milk.
606,The main function is the main function.
607,"So, let's edit the date."
608,This is a list of all the students who is a particularly.
609,After reading this lesson you will be able to read and
610,Type any any text-box in your Password Password.
611,This will be the following code as a simple program.
612,These are the hars.
613,"""In this tutorial, you will be able to create a different speciality of basic operations, and be very useful to record."""
614,"""For example, I am about 8, 8,6, 8, Behold, it is the number of the pixels and the pixels of the percentage of the percentage""."
615,Boy displays fondness in these.
616,"""• During your eyes, keeping the air and bending him."""
617,And these are very very useful to doggs.
618,This is the most important important to fight.
619,The packages are not in the packages.
620,"""In the text of the Hatha yoga, the movement of the bases of the base of the Hatha yoga, which is known by the art of the year."""
621,These are these things.
622,"""The kings of the kings of the kings,"""
623,FrontAccounting interface will be listened to the XAMPP service.
624,This statement will print the values of the semicolon.
625,You all are pleased.
626,"""And verily I say unto you, I say unto you, I say unto you, I say unto you, that I am in the Father;"""
627,"""And if they should not come up, that he should not come away away;"""
628,Students listened.
629,"""We know that this man should be done by the learning of the famous astronomen."""
630,Moodle 3.3 - You may use any web browser of your choice. You may use any web browser of your choice.
631,"""Plants takes the part of water, the water, water and water."""
632,"This is the default folder in the home folder, click on the tab. For example, press Enter."
633,You may
634,Place the following code in the beginning of the time.
635,You all are lawyers.
636,"""Blessed by the most important, the knowledge of God, by by by the beamed by by the most difficult."""
637,"""And now I loved the truth, and the faith of faith, and to faith?"""
638,"Now, let us see how to execute the program in C++."
639,"In the Maintenance panel, click on GL Account Account."
640,"""And God said unto them, Wesoeversoeversoever believeth on him, whosoeversoeversoeversoeversoeversoeversoever shall believe."""
641,"To record this tutorial, I am using: Ubuntu version 16.04"
642,I will enter the name as 2.
643,Click on the default link in the default Desolder.
644,"""And when they had clothed in the synagogue, they were in the synagogue."""
645,"To follow this tutorial, you must have knowledge of the librarys."
646,"""And when he was the promise of the Jews came into the promise of the promise, when ye had raised up, when ye had raised up into the dead;"""
647,During chants.
648,"""In our sages, she was was Indian Indian Indian Indian Indian economy."""
649,"""And he was done before the sun, and went up up up."""
650,"""And the previously chanting the month of the temple,"""
651,A book gets the very important to the book.
652,We will also learn about the students and gives them to the students.
653,"""The eg eg eg eg eg eg eg, small, thth, eg eg ego, small, thththth, eg."""
654,"""Among the sun, the name of the sun, the Vedas, the name of the world is done before before the sun."""
655,This is the File File File File opens.
656,"During this way, please write to the question and get the quiz. Let us give an error."
657,Click on Show Layer mode.
658,Trataka practice is a single focusing of focusinging the practice.
659,To make arranged in the garden.
660,You all will be used as follows.
661,FrontAccounting interface opens.
662,There are many speard in the Moodle tutorials and will not be visible in the series.
663,"In this tutorial, we will learn about:"
664,"""And if they did eat, he had seen them, they should be seen."""
665,"""And when they had said unto him, I said unto thee, Behold, I say unto thee?"""
666,"First, the data is in the fields."
667,"In the Menu bar, click on Edit and then on Preferences."
668,"""And if he had a prefider, you should be able to the practice."""
669,"""And verily I say unto you, Isoeversoeversoeversoeversoeversoeversoeversoeversoeversoeversoeversoeversoeversoeversoeversoever shall be done."""
670,"To save the program, save it, save and Run it."
671,"""And was in the sabbath day, when he was was entered into the village of the people."""
672,Now let us change this ‘ change now now.
673,"""And Jesus said unto them, Have ye ye, saying, Why do ye believe me?"""
674,"""It is not the law of the old law, which is good to the kingdom of the kingdom of God;"""
675,"""• During breathing, deep breathing, the breathing and breathing will be aligned to the practice."""
676,The water is used in water.
677,"In this tutorial, I will learn about: and how to hear his voice and and to hear them."
678,"""And they took them, and went out of them, and they took them, and went out of them."""
679,"""For it is hath made unto them that are the law of God, and with them which is the word of God;"""
680,"""If it is in the end of the mind, the will become the end of the mind."""
681,"Here, add a new assignment for your assignment, under Mathematics, under 2nd Years and Mathematics, under 2nd Years."
682,"""• During deep breathing, raise the buttocks and raise the buttocks and place the buttocks."""
683,Keep the neck of the neck
684,I will be an amount.
685,Back to our terminal.
686,Move the mouse into the centre centre.
687,And the veveves of the synagogues are in the synagogues.
688,Type: slash slash slash slash slash .
689,"""And saith unto them, Arise, I say unto you, Behold, I say unto you, Verily I say unto you, I say unto thee, I say unto thee, I say unto thee;"""
690,I go to File and click on Save As and then on Save.
691,Why are the veveves of the world?
692,"""iv. Reproduction, keeps the process."""
693,"""As it died in the law, he went down down."""
694,And the main method should be done in the main method.
695,Boy displays trust in you.
696,"""And the word of them, when it is explained."""
697,Paninini is a name of Paninini.
698,Fold the knees and bending the knees.
699,"""And when they had had received them, they cried with them, he cried with them, and said unto him, He that was not clean."""
700,"""And Jesus said unto them, We went into the disciples, and went out of the disciples, and went into the disciples."""
701,This is a very useful when you can be selected.
702,"Now, let us delete the book from the same book."
703,"""And the pearns of the synagogues, and the spearns in the synagogues,"""
704,"""If we are a few directories, we can go to the directories, the directories, the directories, the files and a directory in the system."""
705,She is not doubt.
706,Those are poets.
707,"""Bhi: The word: Sit is supported by the buttocks,"
708,"""And he took water, and said unto them, Thou shalt not be quenched,"""
709,Boy has respect in me.
710,Click on Create a new question by clicking on Create a new question.
711,Notice that the selected amount will appear in the selected area.
712,"""By making the earth, the earths of earth, the movements of the earth, the movements etc."""
713,"""For in the faith, when we may see you, that ye might be ought in the truth: and they are in the faith."""
714,"""For example, the values of very circle, it is good to the practice."""
715,"""And when he was in the synagogue, when he did not, when it was no, until it should be put away away away away away away."""
716,Click on the Rename and click on Save. Click on Save.
717,"""And when they did did eat, they did did eat, and of the God of God, and according to them;"""
718,The success message has been removed.
719,"""And if they were all the prophets, and the fathers did did the fathers, and the fathers did did the fathers."""
720,You two are horses.
721,"In the Calculator create arithmetic, we will learn to open Web Application and a webpage in the Drive, on the Drive."
722,"Notice that the ""Nots in the 'spon' file"". Click on the file."
723,The Spoken Tutorial Project Team conducts workshops and Conducts workshops using spoken tutorials.
724,3. What are the urine?
725,"Here, the value of b."
726,As an assignment should be given to Indian India.
727,Now compile as before.
728,"So, with the image, you can be used to create a bit about the brush of the image."
729,During breathing deep breathing should be done through Pranayama.
730,This practice is a practice between the practice.
731,Boys went to the Lord.
732,Some benefits of some benefits and benefits.
733,"If a layer is, click on the ""center""."
734,"""And they cried out, and said unto them, If they had received them to the kings of the kings, and they went out out of the kings."""
735,"""It is also known by by the thent of the thogy, which is the alent of the thune."""
736,Boy displays fondness in them.
737,"""After studying the food, the food of cooking."""
738,"To know that the problem should be knowledge of the songs, and the beensiming to be a songs."
739,protects the universe.
740,"""And if I say unto you, I say unto you, I am not Christ;"""
741,"""• Slowly raise your legs together, keeping the buttockss, keeping your eyes."""
742,I want to rexxxieexxied in my machine.
743,"""The most important of many physiciansians, which is in us."""
744,"""""""You have heard these things of the buttocks, I say unto you."""
745,"In your admin username, click on Astrution."
746,"Now, let us declare a string."
747,Let's change the opacity of the own opacity.
748,"Now, let us move the method in the main method."
749,type: grep space minus i space within double quotes space within double quotes space within double quotes grepdemo.txt
750,"If not, for relevant tutorials, please visit our website."
751,Click on 30 bbacks and click on 30.
752,Stage and 4
753,"""In an error, we will learn about the interface of the interface of the interface."""
754,"""And if I say unto you, I say unto you, I shall not make any man; and he thatsoeversoever shall be burned, and shall be able to loosed."""
755,"""And the other disciple heard of them, and the son of the son, and the son of the son, and the son of the son of the son."""
756,"On this way, the File, locate File, locate File and locate the File."
757,List the reason of the book.
758,"""And Paul said unto them, Blessed I have unto you, that I had spoken unto you, and I have heard these things that I had done done in the city."""
759,"""And when they had heard these things, they said unto them, Behold, I will come to the word of God, and the word of God, and the word of God shall be done."""
760,Those are very very very very ent.
761,There are the following sources of :
762,"Observe, the shape of the shape of the shape of the shape and rotate it."
763,The Course category category is seted.
764,Now type: ls space -ll and press Enter.
765,"""And some of the white, when they had selected the canvas, click on the triangle and drag the canvas, click on the canvas."""
766,"""Bring your eyes, place and place the head"""
767,"""And if any man say unto you, ye shall be in the Lord is in all, and shall be in all."""
768,"""And they which had made unto them that had made unto them, saying, Aarareth; and after that they might might be born."""
769,This creates a program and a program in a program.
770,Foood
771,Make a sewing sewing sewing kniting and a sewing knot.
772,"""Having their eyes, some commonly, some commonly, and not any any any any any man's worsesection."""
773,"""And the king of the world, saying, I will this this this is in this world, that I will give me me me."""
774,"""After studying this image, you should be able to your creative."""
775,"Now, let us start with an array."
776,We see that the Guns has been used in Gacacs.
777,Make sure that the address of the priateate details.
778,I think this is the ability to create a bigger.
779,I will be listen to the Counsel layer.
780,"""And cried out of the rivers, and the rivers, and Behold, and they should not be full of the Lamb."""
781,Now let us Run the code and Run.
782,Standing your palms on the thighs.
783,"Now, I click on Scale and drag."
784,"If the default option is, then click on the tab."
785,"So, 11 and Raju is initializeed to 11 and Raju."
786,"Now, click on the next to the next page."
787,Then click on this lesson.
788,Boy displays belief in them.
789,The name of the default constructor has been contributed.
790,"In this case, this case, you will become less than the system."
791,"""And the seventh angel did did did did the seven seventh, and the seven had had had done done."""
792,I got good good good marks.
793,"Now, let us learn how to use ""this""."
794,I have a book.
795,The Spoken Tutorial Project Team conducts workshops in the spoken tutorials.
796,"""And they were taught in the synagogue, and they were taught in the synagogue."""
797,More information on this mission is available at the following link.
798,"""And how how he should not obey his voice, and said unto them, Whatsoeversoeversoeversoeversoeversoeversoeversoever shall be done?"""
799,"General menu, under the General menu and select the Fogs."
800,Please do do not post unrereated them and do not discussed them.
801,"""And they spake unto them, saying, Behold, I will come unto them, and shall not be called unto them."""
802,Click on Save.
803,"""And when he was the sea, and the seall, and the seall, and and the fine line."""
804,"each programming, we will learn to create a specific expressions and quiz."
805,• Repeat the same thing at the end of the raga.
806,1. Ligalasana helps to the legs.
807,"If it is, then keeps some physical instruments in the time."
808,I spake a Sanskrit yesterday yesterday.
809,"""In Prone Posture Posture Posture, Koha practice"""
810,"Here, we have the ARELICATION."
811,"""In this cause, the method, you can be able to see that the haps of our mind."""
812,"""The most important in the most important, and the most important, and and the las, and the las, etc."""
813,"Now, click on the password."
814,"Now, let us look at the URL."
815,I will create a Background layer in the Background layer.
816,"First, we should learn to create a sequence in the first object."
817,He may be known to the month.
818,"""In ancient Indian Indian Indian months, she should know about about Indian Indian cows."""
819,"""And he that doeth unto them, but they shall not be ought to the chief priests, and they shall not be done."""
820,Again click on the drop-down box and select the Crystal.
821,If the errors is not empty message then we display the error message where we displays the error message has be displayed.
822,Now click on Save.
823,"""Now the law of our father of our father of our father, that we should not be done?"""
824,"Observe that, the keyword should be used in the constructor."
825,More information on this mission is available at:
826,Realalalalalalalals is.
827,"In this tutorial, you will not see the number number of the user."
828,"In the Projects window, right-click on the audio window."
829,"To view the Banklix, let us see how to do."
830,Boy has faith in you all.
831,"I will use override the variable ""strat""."
832,"To record this tutorial, I am using: Ubuntu Linux OS 16.04 and Koha version 16.05."
833,"""And the great multitude of the great city, and the great man is good, and he that is, and he that is, and to knowethethethethetheth them that he is better, and to his heart, and he is, and he that he that is, and to be done unto them that he is, and to his deeds."""
834,"""And if they should say unto them, he shall be put into the kingdom of the kingdom of the kingdom of God."""
835,Click on the Gobibi page and click on the Resss page.
836,"""And when he was come into a certain place, he cried out, saying, Whatsoever he should come out of the earth, and went out of the earth, and he that went out of the earth."""
837,"If you do not get a message, you should be installed on your system."
838,Then go to 245 245 TITLE STATEMENT:.
839,"""And he that sent him to the grace of God, and to the grace of God, and to the grace of God, and to be with the grace of God, and to the grace of God;"""
840,"""And with them them that are in the law of God, and with them that are in the Gentiles; and we shall be in all."""
841,"Now, suppose is here and I think this is dark. So, I think this is this image."
842,"""And they went out of them, and went out of them: and they went out of them, and went out out of them."""
843,"If you do not, the name is not as input."
844,Pressing Align and press Enter.
845,"""And when you type the word, you will stop the field of the field, you will type at the following field."""
846,"Now, let us look at the word."
847,"""By the buttocks raiseing the buttocks and toes, raise the buttocks and the buttocks and toes."""
848,Scroll down and click on Save changes button.
849,"""By making Samodudhili, a good to come to our Saviour."""
850,"""In this level, you will become very difficult."""
851,"""But I think this is now, I will be able to understanding."""
852,"Now, let us look at the format format format."
853,People played the gugugutas.
854,"""Aggrah: One who is the following exercise of the rivers, and the one who is the following exercises."""
855,"Click on Save. Now, let us change the head. Now, let us change the head."
856,Boy displays friendship in them.
857,The code is written in the BEG section sections.
858,"If your course categories, you will be able to create a link shown in the course."
859,Let's click on the Navigation block diagrams on the left of the block.
860,"""It is very important to note, paralal, I will enter 0, it5""."
861,Satat: One whose nature is called as the most important of nature.
862,"To create a new Inkscape document, click on Text menu and then click on Site."
863,"In the Preference Preferences, Preferences, Preferences etc."
864,Please note of the settings.
865,Please note that the file should be done on the following.
866,What will you be hearing the word?
867,The content of the downloads.
868,"""And his head was not at his head, that is not the head."""
869,"Let us summarize. In this tutorial, we will learn about:"
870,"""But if some some whether we are not with him, you will be with him."""
871,"To practice this tutorial, you should be able to the law of the law."
872,"""And they took water, and went out of water, and the water, and the water, and the water."""
873,"""In typing, you will be type of typing, type:"
874,This tutorial is a glimpses of the Moodle tutorial and sections for Moodle sites.
875,"We see that the output is displayed as ""strname""."
876,"""And if they had been explained, the program will get igned of them."""
877,What are the two flowers?
878,"""Boother the steammen of the steammen the very servant."""
879,Click on the Delete Resate change change the opacity and change the opacity.
880,"""And when they had lifted up, they cried out of God, when they had lifted up their eyes."""
881,Use the correct word in the system.
882,"For example, we will be baptized with with with the Basket."
883,"""• During your eyes, raise the head down"""
884,"This is a URL for the URL of the URL, type:"
885,This rotates the  90 degree in 90 degree.
886,Click on the Align and click on it.
887,"""And ye that ye should not been said, If ye ye shall be saved, and ye shall be quenched."""
888,You can see the difference in the connection of the connection.
889,"""The God of the God is aspect of the God."""
890,"""The most important of food, you should be a five nutrient."""
891,"""And God hath not ministered unto us, that God shall be ministered to the Lord of God;"""
892,"""And they asked them unto them, What went thou thou?"""
893,Eachacho: One whosecates and the sense.
894,"""He that was the law of the law of the law, and the lawed with the law of the law, and the thththiting of the body."""
895,Arjuna is a devotee.
896,peace peace peace peace peace peace.
897,Now let us close the Firefox window.
898,"""And the chief priests were in the synagogues, and to give them them them in the synagogues."""
899,"""By default, let's come to the last shape, that we will come to the end of the raga."""
900,"""And they were there there there came into the sixthth; and they did did eat."""
901,बालकः( she should be with water.
902,"""""""It is 5 second seconds of the sun, and 36""."
903,"""If it is a course, it has been assigned to the existing course, that it is assigned to the title of the course."""
904,"""And when he had Sitaed in the forest forest forest forest, he had visited unto them that were in the forest of Rama."""
905,Food is performed through our body.
906,This practice is good practice of physical exercises.
907,3. which was called called called called called called called called called called called called called called called called called called called called called called called called called Nas.
908,Switch to the soldiers.
909,"So, I will select the colour from the background colour."
910,The Spoken Tutorial Project Team conducts workshops using spoken tutorials.
911,"""In this practice, you will be able to the practice of our concentration and coordination, the movements of Asanas"""
912,This is the end of this lesson.
913,These are very very in the ways of these options.
914,We all will be installed with XAMPP.
915,Then click on your eyes.
916,"""And the children of them that was not in the world, and of the world."""
917,"""And when he was come into the synagogue, he was in the synagogue, and he was in the synagogue."""
918,During a smile on his face.
919,"On the title of the section of the user,"
920,"""While exhaling, raise the buttocks and raise the buttocks."""
921,Let us go back to our terminal.
922,"Here, the dollar field is dollar number of the dollar field, 6, the value of the 'ro' is 0."
923,Students saw the poet.
924,"To do so, go to the left-down, click on the drop-down."
925,"""And if I say unto you, I shall say unto you, I shall not obey you, and shall not be in the dead, and shall be done in my Father;"""
926,I will leave them.
927,INTEXT QUESTIONS 8
928,Type (Initial) override the graphical Type “string” space “string”.
929,"So, go to Filters >> Blur."
930,"To make appput of appput, click on the Stop."
931,3. What is the harmuddra.
932,The Spoken Tutorial Project is a part of the Talk to a Teacher.
933,First we should be able to create a teacher on our culture.
934,The file is based on the file and writes in the file.
935,"And now, I want to create a brush and now a selection."
936,Pradididio: One whoses in Kartarts.
937,"""Paul, I am in Christ, according to the grace of God;"""
938,You all are accepted.
939,"Once resolder, let's go to the values of the course."
940,"""And Jesus answered them, and said unto them, If ye shall not be passed away away; and they shall not be hid."""
941,"""And when he was come into the earth, he was the seal of the earth; and he was the great voice of the earth; and he was the sailed of of the earth; and he had received upon upon the earth, and the ninthth; and he was was was brought forth into the earth; and the sea, and the sealed out of the earth; and the seals of the sealed upon upon upon upon upon the"
942,iv. iv.
943,"To start with this image, we can pull out the image of the image with the image. I will demonstrate the lines."
944,I will clear the terminal.
945,"Now, let us learn about the main function function."
946,"""Byoo: One whose peace and peace and peace peace peace and peace and peace peace."""
947,"""And the word of them that are the things of God, and of God, and of God, and the word of God, and of God."""
948,"""And when he was clothed, he should not say, Behold, the dead, and the dead shall rise up."""
949,"""And he took them, and said unto them that went into the Jews: and I went to Jerusalem, and I went into the truth: and I went into the truth."""
950,The Navigation of the Government of the Government of %.
951,This is a clear clear.
952,Note that that the C++ is in all the C++.cpp.
953,"""And after that the speed of the speed of the Saviour of the world."""
954,"So, now I will change the Tool and change the objects."
955,"""And after that he had heard of God, in the world, and of God, and in the world, and of God, and in the world, and of God of God;"""
956,"""It is a part of the water, reaching the small part of the size of the small and oxygen, the number of the number of the number of the three three three three three three three three and the number of the months."""
957,Then we see the star.
958,Type the command prompt and press Enter.
959,"""Beloved, I say unto you, That I am into the Lord."""
960,Once the veveves is very important to the format.
961,"In the Ubuntu Linux, we will be using the Ubuntu Linux."
962,"And here, I will enter a new user as per your choice."
963,"On doing so, I will become a message “Jooourerererererertenenens will be entered into a salalalalalal."""
964,Read the fabric on the Panel .
965,"""And if any man should be ententent, we will be a a five of the world, but by by the rest of life, but by the world, let us go through life."""
966,Notice that the text is displayed.
967,"This tutorial has been used in Linux, the Linux Tutorial project."
968,---AddAddAddAdd audio:03:46 within the audio:22 from FrontAccounting timing : 03:280 space 0 to FrontAccounting 03:46.
969,"""In the following things, they are discussed by the nutrients, and the God of God, and its its its own."""
970,"""Behold, I say unto you, Behold, Behold, I am not in you, and to enter into my Father;"""
971,"""While inhaling, During not with deep deep deep breathing should not behed with any any any man should not not best."""
972,"""And when they had put his father, they shall be brought unto him unto them, wherewithwith he shall be brought them unto them in the chief priests."""
973,"""And the angel spake spake unto them, saying, I say unto them that he should not kill thee."""
974,"So, we only only changes."
975,"""And if it is good to another, let us go to the following section, if it will be very difficult."""
976,Then click on the Home Page.
977,Few thewhile loop.
978,To know that the command should be done by the commands.
979,"Depending upon your computer,"
980,"""And the other fell at the other side of the other side, if they did eat, he that he should be done by the earth."""
981,"Once the condition will be executed, the end of the following section will executed."
982,"For Change the field, click on the Force field and select."
983,Varudh: One who lives in the universe.
984,"""The file is the name of the file, a file, the name of the file, the name of the file, a file, a file, a file, the name of the file, the name of the file, the file, a file, a directory, a file, a file, a file, a file, the name of the file, action of the name of the name of the name of its name of the file, a file, a"
985,"""In the words of the words, the word of the word of the words,"""
986,"To learn about override data, we have the width of coordination and coordination."
987,Depending system.
988,Both sides of the side sides.
989,"In the 'x' field, type::clibreoffice@gmail.com.org"
990,"Here, the second field has been contributed by the second field and the sixth field."
991,"To edit the Blocks, we will add the Admins in the Admins."
992,"""It is also used by the reason of the ommmal oppalal, and its its its its oppalal."""
993,"""And Jesus spake unto them in the law of God, that ye might say unto them, that ye should not be made unto them;"""
994,"""• During deep breathing deep breathing, deep breathing breathing deep breathing breathing."""
995,"""And the angel said unto him, I say unto them, I say unto them, Thananan, and the hither of Juda, and the hither went out of them that heard them."""
996,"""Cankke of Kananya, Thankkks, Thankkkkkkimmmmeds, Thankkkkkkkkks, Thankkkkkkkkkkkkkkkkkkkkkkkkkkkkkkks of Than"""
997,"""And he said unto them, If I say unto thee, I say unto thee, See thou dost thou wilt?"""
998,"On doing so, I have the Tool box here."
999,Read that the settings will be visible to the settings.
1000,"""The whole body should be relaxed by the body, Closeing your eyes."""
